X,Y,NAME,OWNER,ID,STATUS,REGION,LAT_DD,LONG_DD,FAA_ID,GlobalID,ICAO,OBJECTID
-1537216.26696777,472136.932189941,Adak Apt,DOT&PF Controlled,1,Standard,Southcoast,51.8779639,-176.6460306,ADK,707024c7-3356-4d09-ac0e-47b0f587abba,PADK,1
-1365699.97436523,454797.75604248,Atka Apt,DOT&PF Controlled,2,Standard,Southcoast,52.2205861,-174.2061833,AKA,02152630-1e54-4d32-9d9e-c551933ac058,PAAK,2
-820915.30847168,509535.633422852,Unalaska / Dutch Harbor Apt,DOT&PF Controlled,5,Standard,Southcoast,53.9001389,-166.5435,DUT,9190816d-e6fd-409d-9340-fb4bb60c4871,PADU,5
-969444.894775391,914620.507629395,Saint Paul Island Apt,DOT&PF Controlled,6,Standard,Southcoast,57.1662936,-170.2225533,SNP,b8be9372-28f2-4286-8c69-926bcc390e01,PASN,6
-952041.165771484,842699.145385742,Saint George Apt,DOT&PF Controlled,7,Standard,Southcoast,56.5773528,-169.6637361,PBV,f63fa493-3193-47e0-9be7-2bf8599c37f5,PAPB,7
-445255.728881836,690383.227600098,Nelson Lagoon Apt,DOT&PF Controlled,8,Standard,Southcoast,56.0075361,-161.1603672,OUL,6a18a9c5-3747-4119-901c-e2562c8b2c32,PAOU,8
-413237.498596191,609349.159423828,Sand Point Apt,DOT&PF Controlled,9,Standard,Southcoast,55.3136944,-160.5214167,SDP,55957c4e-991a-4d91-a064-608dfdb1be3a,PASD,9
-526016.985168457,599846.234191895,King Cove Apt,DOT&PF Controlled,10,Standard,Southcoast,55.1163475,-162.2662272,KVC,81614e75-4a1e-4ccb-a1df-a1ef5a49e262,PAVC,10
-553718.003173828,613378.769592285,Cold Bay Apt,DOT&PF Controlled,11,Standard,Southcoast,55.20515,-162.7244662,CDB,419968e4-3b32-41b2-98c2-5efe5d1e2210,PACD,11
-602590.303771973,579897.340820313,False Pass Apt,DOT&PF Controlled,12,SubStandard,Southcoast,54.8474458,-163.4103222,KFP,2453f3f2-9213-4ec5-a39e-d37ba35cf78f,PAKF,12
-295285.179077148,704574.001220703,Chignik Lake Apt,DOT&PF Controlled,13,Standard,Southcoast,56.2550472,-158.7753614,A79,ca722937-f199-44cb-afb7-e0b0443c00a5,,13
-322089.975585938,667633.554992676,Perryville Apt,DOT&PF Controlled,14,SubStandard,Southcoast,55.9066667,-159.1608333,PEV,f4e1921b-15bd-4e92-9586-97418d41f5ad,PAPE,14
-279974.793884277,709759.445007324,Chignik Lagoon Apt,DOT&PF Controlled,15,SubStandard,Southcoast,56.3110472,-158.5342667,KCL,39d76dcb-4a67-4e8b-81d3-01eece697e87,,15
-270043.372070313,709138.828796387,Chignik Apt,DOT&PF Controlled,16,SubStandard,Southcoast,56.3114625,-158.3732369,AJC,f22eb825-0368-40ce-aae3-d979334c6e02,PAJC,16
-281043.695495605,782304.710632324,Port Heiden Apt,DOT&PF Controlled,17,Standard,Southcoast,56.9591011,-158.6333619,PTH,8e97e945-581e-4597-bf21-f1eeb9b72af4,PAPH,17
-213005.181396484,847585.159606934,Pilot Point Apt,DOT&PF Controlled,18,Standard,Southcoast,57.5803806,-157.5719569,PNP,0bef1c08-bba8-4add-9830-9943b47d73d4,PAPN,18
-202846.551879883,840682.810241699,Ugashik Apt,DOT&PF Controlled,19,Standard,Southcoast,57.523425,-157.3959944,9A8,26123179-3a61-447b-b9db-d6ea540765e8,,19
-27090.0076904297,840351.764404297,Karluk Apt,DOT&PF Controlled,20,SubStandard,Southcoast,57.5660861,-154.4538833,KYK,cb83ae85-4c14-4c59-8543-b6e050d27cac,PAKY,20
1393.87438964844,836797.389221191,Larsen Bay Apt,DOT&PF Controlled,21,SubStandard,Southcoast,57.5350833,-153.9766667,2A3,9375b6d5-878f-4641-b363-1ba91dd8898c,PALB,21
-11088.4266967773,770234.223022461,Akhiok Apt,DOT&PF Controlled,22,Standard,Southcoast,56.9386908,-154.1825556,AKK,47fce919-2f1c-4796-80ea-28f0021e2c10,PAKH,22
68247.9097900391,876512.61138916,Port Lions Apt,DOT&PF Controlled,23,SubStandard,Southcoast,57.8853775,-152.8461011,ORI,692fbb22-6d09-4b70-9b56-81ddc7f115ed,,23
88820.6575927734,881406.983215332,Ouzinkie Apt,DOT&PF Controlled,24,SubStandard,Southcoast,57.9255,-152.4965,4K5,1627d839-2dc8-4314-a194-9a9be9337950,,24
89394.7108154297,862009.926025391,Kodiak Apt,DOT&PF Controlled,25,Standard,Southcoast,57.75177091,-152.49422948,ADQ,4f11d14f-de37-4a07-823d-fe3bbd58b783,PADQ,25
44011.6566162109,801648.155822754,Old Harbor Apt,DOT&PF Controlled,26,SubStandard,Southcoast,57.2181031,-153.2697494,6R7,21c855d0-cc2a-4aac-a53a-574457594b03,,26
-174257.292663574,974580.904418945,Naknek Apt,DOT&PF Controlled,27,SubStandard,Southcoast,58.7328806,-157.0199197,5NK,0aeac30d-59af-4005-b872-9f1a59dd80dd,,27
-173413.197509766,971096.843811035,South Naknek No 2 Apt,DOT&PF Controlled,28,Standard,Southcoast,58.7020833,-157.0025833,WSN,67275b02-d135-4dff-95a3-6cfd6f1991ba,PFWS,28
-153099.869689941,967369.330627441,King Salmon Apt,DOT&PF Controlled,29,Standard,Southcoast,58.6764935,-156.648691,AKN,d00143cb-c736-4012-8685-1f7b7f6cca76,PAKN,29
-438332.226379395,1110824.27301025,Quinhagak Apt,Other Government,30,Other,Central,59.7550944,-161.8453667,AQH,55e38b28-f6b9-4df5-a20e-0e571a464feb,PAQH,30
-492816.125671387,1140909.68920898,Kongiganak Apt,DOT&PF Controlled,31,SubStandard,Central,59.9608056,-162.88125,DUY,eba0765e-748e-4475-8c9a-ab772a3d03ab,PADY,31
-431546.827270508,1038249.45379639,Goodnews Apt,DOT&PF Controlled,32,SubStandard,Central,59.1174167,-161.5774444,GNU,5b90d619-1c69-4bfe-91db-98ef04c45d7b,,32
-446929.484008789,1028597.33642578,Platinum Apt,DOT&PF Controlled,33,Standard,Central,59.0157361,-161.8252111,PTU,d614a69b-8db9-4cf9-a2a6-56c6fa2b7406,PAPM,33
-365227.645263672,1024075.30480957,Togiak Apt,DOT&PF Controlled,34,Standard,Central,59.0536261,-160.3969242,TOG,e3176d94-b064-4095-bda2-e9f455a0cbb0,PATG,34
-358069.350097656,1025737.29980469,Twin Hills Apt,DOT&PF Controlled,35,Standard,Central,59.074525,-160.2750417,A63,c7e7e24d-d6b3-47f2-bee6-2d50e3a4bc52,,35
-281051.160095215,1003258.99920654,Manokotak Apt,DOT&PF Controlled,36,SubStandard,Central,58.9320583,-158.9018972,MBA,d4b34648-a7d7-44d5-8e82-07eeb76cc727,PAMB,36
-262070.844970703,1041180.91882324,Aleknagik Apt,DOT&PF Controlled,37,SubStandard,Central,59.2825556,-158.6178667,5A8,370afa81-9c2e-4ef9-abd3-dcd1c08f8c74,,37
-257506.706176758,1014208.47680664,Dillingham Apt,DOT&PF Controlled,38,Standard,Central,59.0446667,-158.5055,DLG,de6ffe65-1179-46cb-94c2-801adf79111b,PADL,38
-260477.141296387,990772.659606934,Clarks Point Apt,DOT&PF Controlled,39,Standard,Central,58.8336944,-158.5293889,CLP,3396ab88-0ad8-44b5-9c97-6211686038fd,PFCL,39
-213022.331970215,995981.262817383,Portage Creek Apt,DOT&PF Controlled,40,SubStandard,Central,58.906525,-157.7111667,A14,5c05cd2d-fa3f-4043-b80b-5d98bdaca318,PAOC,40
-196692.831970215,1045286.68218994,Ekwok Apt,DOT&PF Controlled,41,SubStandard,Central,59.3548056,-157.4720833,KEK,714d4008-3e6e-4b08-b296-4ae5831bf153,,41
-190544.841064453,1055799.62744141,New Stuyahok Apt,DOT&PF Controlled,42,SubStandard,Central,59.4515375,-157.3731639,KNW,d9698a7f-45d0-4b5b-b752-a56afbc293ba,PANW,42
-182618.615600586,1086203.93243408,Koliganek Apt,DOT&PF Controlled,43,Standard,Central,59.7266419,-157.2594722,JZZ,4d87ed2f-0bb8-4d16-a1ce-75ee78fa0cbf,PAJZ,43
-107867.903503418,1038248.72442627,Igiugig Apt,DOT&PF Controlled,44,Standard,Southcoast,59.3240417,-155.9017728,IGG,84a0d55b-b7db-4080-bbf1-5ca790ef348a,PAIG,44
-163055.864379883,1018305.51361084,Levelock Apt,DOT&PF Controlled,45,Standard,Southcoast,59.1280833,-156.8586389,9Z8,921796a9-addc-45ec-85f6-72cb5e9273a2,,45
-46675.7797851563,1110375.21160889,Nondalton Apt,DOT&PF Controlled,46,SubStandard,Southcoast,59.9802303,-154.8391747,5NN,ca4876f2-c330-4dc4-9a55-2220b650db80,PANO,46
-7269.80358886719,1089591.60723877,Pedro Bay Apt,DOT&PF Controlled,47,Standard,Southcoast,59.7969556,-154.1299778,4K0,2e903fe8-bcbe-442b-9a07-672724142d4f,,47
-51212.4904785156,1087143.93261719,Iliamna Apt,DOT&PF Controlled,48,Standard,Southcoast,59.75450486,-154.912111,ILI,da142872-f899-42c8-919a-3bcc5e9e19b7,PAIL,48
-45497.5209960938,1049169.45379639,Kokhanok Apt,DOT&PF Controlled,50,SubStandard,Southcoast,59.43306315,-154.80466088,9K2,2d0d01c3-20ea-40c2-ae3a-1bae9ea0de50,PFKK,50
-640464.879516602,1341460.7432251,Hooper Bay Apt,DOT&PF Controlled,51,Standard,Central,61.5238611,-166.1466389,HPB,12dc1005-15dc-4b48-96c2-641714edc896,PAHP,51
-611659.035583496,1338185.15759277,Chevak Apt,DOT&PF Controlled,52,SubStandard,Central,61.5408453,-165.6008919,VAK,b26afdf7-c0ee-46ac-b364-d369a5d14868,PAVA,52
-670607.75958252,1215960.78918457,Mekoryuk Apt,DOT&PF Controlled,53,Standard,Central,60.37142,-166.2706083,MYU,d15141f9-767e-4a9a-a290-90d7e1f78be2,PAMY,53
-612705.554077148,1228782.27642822,Tununak Apt,DOT&PF Controlled,54,SubStandard,Central,60.5711348941586,-165.247154142734,4KA,a96aded2-1ef1-4420-8c97-bec9a7ca5eb8,,54
-603408.414489746,1223321.0723877,Toksook Bay Apt,DOT&PF Controlled,55,SubStandard,Central,60.5413361,-165.0871847,OOK,4a251381-3467-4a94-baa8-d1a60f91bd6a,PAOO,55
-583828.81829834,1212111.69842529,Nightmute Apt,DOT&PF Controlled,56,SubStandard,Central,60.4710472,-164.7008389,IGT,f7e3f61a-c5e5-48ea-b358-62d66d3f39eb,PAGT,56
-566756.747192383,1171696.52563477,Chefornak Apt,DOT&PF Controlled,58,SubStandard,Central,60.13819592,-164.27929765,CFK,a8ad0e96-a9d6-41b8-90e9-7f413e129dd2,PACK,58
-556599.284362793,1146906.49243164,Kipnuk Apt,DOT&PF Controlled,59,SubStandard,Central,59.9329511,-164.0305131,IIK,e5fd34d3-a1fb-4404-92b7-54a211df74ae,PAKI,59
-509955.714477539,1133734.07000732,Kwigillingok Apt,DOT&PF Controlled,60,SubStandard,Central,59.8764694,-163.1685375,GGV,a5fa645c-9623-4096-90ab-91822e944fb4,PAGG,60
-475545.319763184,1180870.74304199,Tuntutuliak Apt,DOT&PF Controlled,61,SubStandard,Central,60.3353456,-162.6670094,A61,df889134-1775-4827-ab2f-0b363a329647,,61
-443174.031066895,1163059.81121826,Eek Apt,DOT&PF Controlled,62,SubStandard,Central,60.2136711,-162.0438931,EEK,12ef7e3c-9697-4f8b-83f3-5e0ba4d61871,PAEE,62
-419942.408508301,1346203.57299805,Marshall Apt,DOT&PF Controlled,63,Standard,Northern,61.8642778,-162.0261097,MDM,8f9ea9af-86d6-4d9a-958c-9002099cfb3d,PADM,63
-384222.458679199,1331995.01281738,Russian Mission Apt,DOT&PF Controlled,64,Standard,Northern,61.7748903,-161.3193986,RSH,89ac3363-a9bd-448f-9941-83dfbdf8abc8,PARS,64
-335592.529663086,1300148.76043701,Kalskag Apt,DOT&PF Controlled,65,Standard,Central,61.5362739,-160.3413306,KLG,30b13c54-5023-42d9-af6b-55397f43fc97,PALG,65
-293028.624389648,1301419.26062012,Aniak Apt,DOT&PF Controlled,66,Standard,Central,61.5815969,-159.5430428,ANI,34637783-0cc1-4e98-be1a-0c21919ceba3,PANI,66
-275779.690979004,1299733.87280273,Chuathbaluk Apt,DOT&PF Controlled,67,Standard,Central,61.5790556,-159.2156389,9A3,11845215-bd14-47e4-b3fd-bbb7c8088697,PACH,67
-216709.792602539,1327945.90722656,Crooked Creek Apt,DOT&PF Controlled,68,SubStandard,Central,61.8678611,-158.1349167,CJX,c81cba75-59ec-4ed0-93c3-fd371d2c27a9,PACJ,68
-455099.657287598,1242582.42822266,Nunapitchuk Apt,DOT&PF Controlled,69,SubStandard,Central,60.9060108,-162.4405911,16A,af316967-853e-4dc2-80f2-dea2f03415dd,PPIT,69
-460056.525695801,1239534.09643555,Kasigluk Apt,DOT&PF Controlled,70,Standard,Central,60.8733333,-162.5243056,Z09,cd320a20-ab8a-45d2-905f-92da759ad452,PFKA,70
-446671.847473145,1237133.87939453,Atmautluak Apt,DOT&PF Controlled,71,SubStandard,Central,60.8671389,-162.2733889,4A2,80a45599-51f6-4e31-a136-c1d6bda96900,,71
-373866.526672363,1254601.34503174,Tuluksak Apt,DOT&PF Controlled,72,SubStandard,Central,61.0968333,-160.9694722,TLT,d63cde19-ba44-48c4-aa97-a95550300e9c,,72
-400462.492797852,1235893.22918701,Akiachak Apt,DOT&PF Controlled,73,SubStandard,Central,60.9048333,-161.4224444,Z13,0edaea0a-dc71-4b0a-bce4-1a186de3fbc5,PFZK,73
-390176.139709473,1234534.99884033,Akiak Apt,DOT&PF Controlled,74,Standard,Central,60.9028889,-161.2305833,AKI,f442be46-aea6-4891-b8e2-5bfbe69e28dd,PFAK,74
-403036.615966797,1223295.34802246,Kwethluk Apt,DOT&PF Controlled,75,SubStandard,Central,60.7903333,-161.4436944,KWT,8cc39f74-f722-4806-b1ce-aa2e8043fe75,PFKW,75
-422215.453674316,1215661.14379883,Napaskiak Apt,DOT&PF Controlled,76,Standard,Central,60.7029167,-161.7783056,PKA,9a24e74c-18a6-40f3-8efe-ea28e7f38c27,PAPK,76
-433199.24597168,1215552.92919922,Napakiak Apt,DOT&PF Controlled,77,Standard,Central,60.6903333,-161.9785,WNA,57516d93-7c58-4799-b20c-84c633576abd,PANA,77
-424400.222900391,1224438.14941406,Bethel Apt,DOT&PF Controlled,78,Standard,Central,60.7785568,-161.8371774,BET,000a74c1-874c-4b91-96a6-1981b546f627,PABE,78
-347739.125,1619832.26123047,Shaktoolik Apt,DOT&PF Controlled,79,Standard,Northern,64.3710833,-161.2239722,2C7,b69f29de-e2bd-4f5e-8b5b-de047f145af7,PFSH,79
-228902.714172363,1603260.32879639,Kaltag Apt,DOT&PF Controlled,80,Standard,Northern,64.31898,-158.7413058,KAL,64e1e1eb-239a-45f9-9b19-5332934fb013,PAKV,80
-332867.210266113,1564082.20343018,Unalakleet Apt,DOT&PF Controlled,81,Standard,Northern,63.8884956,-160.7991109,UNK,4cce60de-8c24-4257-a367-9d9ef8784256,PAUN,81
-410100.647277832,1531013.60919189,Stebbins Apt,DOT&PF Controlled,82,Standard,Northern,63.5159708,-162.2779931,WBB,6df76f15-ee1e-4c4b-8b24-88060dfa9e81,,82
-402191.778198242,1527115.59741211,Saint Michael Apt,DOT&PF Controlled,83,Standard,Northern,63.4900556,-162.1103889,SMK,fc37ab92-a897-482e-bd56-3de913c75f84,PAMK,83
-479616.132263184,1485668.28082275,Kotlik Apt,DOT&PF Controlled,84,Standard,Northern,63.0305833,-163.5326389,2A9,c2f2795e-d6c2-4a8a-943a-e414f3ef141c,PFKO,84
-531736.390869141,1465952.08703613,Emmonak Apt,DOT&PF Controlled,85,Standard,Northern,62.7861389,-164.49075,ENM,61d3bfd5-8007-470b-8ed1-ac7b96abde1f,PAEM,85
-545220.125610352,1456452.18499756,Alakanuk Apt,DOT&PF Controlled,86,SubStandard,Northern,62.68305,-164.72222,AUK,78c3b3fd-1235-4ccd-893d-acce482b7c0e,PAUK,86
-554502.127380371,1439565.48498535,Nunam Iqua Apt,DOT&PF Controlled,87,SubStandard,Northern,62.5205556,-164.8477778,SXP,76b16fb5-250a-4808-8b4e-cee0a12c345f,,87
-604353.368408203,1371384.78338623,Scammon Bay Apt,DOT&PF Controlled,88,SubStandard,Central,61.8445411,-165.5737493,SCM,9feaa9ff-8eb4-4ff5-a123-0206b0bb1755,PACM,88
-502269.342468262,1383315.32580566,Mountain Village Apt,DOT&PF Controlled,89,Standard,Northern,62.0953622,-163.6820594,MOU,e3b091b2-667b-41c9-8813-dd0f3e335c56,PAMO,89
-483215.469665527,1376672.52600098,Saint Mary's Apt,DOT&PF Controlled,90,Standard,Northern,62.0608333,-163.3018333,KSM,14887651-8985-4c88-b44c-b50e87559fdf,PASM,90
-299363.560668945,1370057.31500244,Holy Cross Apt,DOT&PF Controlled,92,Standard,Northern,62.1883333,-159.7749167,HCA,f87450d2-d1bb-46d5-a3ab-01d82a905b49,PAHC,92
-316047.901489258,1423089.38879395,Anvik Apt,DOT&PF Controlled,93,Standard,Northern,62.6473278,-160.1900667,ANV,dc6ab7c1-d014-48e6-9589-ce2e708fbdd1,PANV,93
-307155.164489746,1450019.77398682,Grayling Apt,DOT&PF Controlled,94,SubStandard,Northern,62.8945606,-160.0649042,KGX,249cefa4-5b36-479f-819f-e5b9bc4a8f23,PAGX,94
-284006.635009766,1425292.78839111,Shageluk Apt,DOT&PF Controlled,95,Standard,Northern,62.6923056,-159.5692222,SHX,e030847d-f87a-48ff-b56f-3a25c97a94d8,PAHX,95
-205150.090087891,1392748.85980225,Flat Apt,DOT&PF Controlled,96,Standard,Central,62.4526489,-157.98907,FLT,34533507-c1ed-47cc-8342-41ff0dcc418c,,96
-127201.099304199,1466512.34362793,Ophir Apt,DOT&PF Controlled,97,SubStandard,Central,63.1460375,-156.529865,Z17,7ba6461f-6899-4441-b958-bb0e4ff7b462,,97
-104530.085205078,1448581.48638916,Takotna Apt,DOT&PF Controlled,98,SubStandard,Central,62.9927042,-156.0681903,TCT,16ec587c-ebac-4e4a-8326-8e4037dfcac1,PPCT,98
-81336.0924682617,1443476.21618652,McGrath Apt,DOT&PF Controlled,99,Standard,Central,62.9527833,-155.6070444,MCG,4985779d-68da-438c-ace1-045bf688bb68,PAMC,99
-136057.70690918,1315114.00463867,Stony River No 2 Apt,DOT&PF Controlled,100,SubStandard,Central,61.78975,-156.5885278,SRV,74d8c1ed-a6dc-45f8-9d26-a8fce1679ad9,,100
-176077.646484375,1316717.25219727,Red Devil Apt,DOT&PF Controlled,101,Standard,Central,61.7880764,-157.3503092,RDV,fa356a00-e48a-48a5-be8a-a28cf5055742,,101
-166859.055603027,1306460.90258789,Sleetmute Apt,DOT&PF Controlled,102,Standard,Central,61.7005181,-157.1658806,SLQ,837d7513-f8fe-435d-8ec7-4a1c7e377796,PASL,102
-76766.9879760742,1265134.93878174,Lime Village Apt,DOT&PF Controlled,103,SubStandard,Central,61.3591306,-155.4403861,2AK,ceda49f2-0e32-462d-a4d7-ac0925570bd1,,103
-18103.1840820313,1449892.14642334,Nikolai Apt,DOT&PF Controlled,104,Standard,Central,63.0185597,-154.3584347,FSP,fc30cda9-dbc2-4dd3-9e90-3b2952aefaea,PAFS,104
201767.192626953,1377746.63342285,Talkeetna Apt,DOT&PF Controlled,105,Standard,Central,62.3205,-150.0936944,TKA,7d397681-d79a-4225-85d1-3e19fb5c92f2,PATK,105
146790.276184082,1335197.49822998,Skwentna Apt,DOT&PF Controlled,106,Standard,Central,61.965295,-151.1913661,SKW,f038c117-749b-4b43-8a55-34bd4ecd6274,PASW,106
207694.339782715,1314660.92541504,Willow Apt,DOT&PF Controlled,107,Standard,Central,61.7541889,-150.0517389,UUO,56e40d8f-fbd1-4a42-b825-9c8cdbd7fde2,PAUO,107
221725.885986328,1291087.76702881,Big Lake Apt,DOT&PF Controlled,108,SubStandard,Central,61.5361222,-149.8138972,BGQ,46256128-23d6-4638-b852-3956c5ae017f,PAGQ,108
221194.314819336,1275178.40600586,Goose Bay Apt,DOT&PF Controlled,109,Standard,Central,61.3944514,-149.8426847,Z40,941ea217-763c-4d2e-9f44-059e0d9a4209,,109
238795.672607422,1278750.67419434,Birchwood Apt,DOT&PF Controlled,110,Standard,Central,61.4160833,-149.5083056,BCV,496a04dc-9241-4e79-8fea-e51c86305a41,PABV,110
262787.182189941,1229990.99420166,Girdwood Apt,DOT&PF Controlled,111,SubStandard,Central,60.9660958,-149.1257892,AQY,51f95ae6-2cf3-4631-aaff-8212c80eafa5,,111
214510.986816406,1250104.84942627,Ted Stevens Anchorage International Airport,DOT&PF Controlled,112,Standard,Central,61.1743611,-149.9963611,ANC,2e3ebdd0-1a12-46ed-a204-23bfc85e41ce,PANC,112
150489.222229004,1154906.83862305,Kasilof Apt,DOT&PF Controlled,113,SubStandard,Central,60.3533092,-151.2627714,5KS,7fc9858e-9471-476e-a726-852ff3ef4cf7,,113
253484.307617188,1135234.01098633,Seward Apt,DOT&PF Controlled,114,Standard,Central,60.1269383,-149.4188122,SWD,7fe38141-ed02-4eee-a2ef-62cdddbdd1eb,PAWD,114
234345.640991211,1173837.87182617,Quartz Creek Apt,DOT&PF Controlled,115,SubStandard,Central,60.4827447,-149.7188022,JLA,3118f8fa-51dd-4173-b541-52b3be1adb4b,,115
236432.749023438,1221207.3248291,Hope Apt,DOT&PF Controlled,116,SubStandard,Central,60.9041503,-149.6238389,5HO,2f9e7f28-0203-4da9-8974-b3b529d96633,,116
286317.50982666,1210600.668396,Whittier Apt,DOT&PF Controlled,117,SubStandard,Central,60.7771694,-148.7196528,IEM,3ee211f8-06ad-42a7-8ac9-806268b0a287,PAWR,117
253956.203796387,1167123.99700928,Lawing Apt,DOT&PF Controlled,118,SubStandard,Central,60.4110964,-149.3701961,9Z9,467f270d-204a-4311-b9cc-bce0e16bf29a,,118
332749.850585938,1135998.74658203,Chenega Bay Apt,DOT&PF Controlled,119,Standard,Central,60.0773056,-147.9918889,C05,13a94c69-0e93-4228-b4c7-5a92a6fb43c2,PFCB,119
465418.141784668,1197196.30541992,"Cordova Merle K ""Mudhole"" Smith Apt",DOT&PF Controlled,120,Standard,Northern,60.4917778,-145.4775556,CDV,e5bcd753-153e-48d6-b55c-3d225b27e585,PACV,120
451159.039428711,1201260.45062256,Cordova Municipal Apt,DOT&PF Controlled,121,SubStandard,Northern,60.5439033,-145.7267042,CKU,ed80c38a-4edd-4e2f-b04c-cd5b68dcb740,,121
476858.768798828,1432531.47161865,Chistochina Apt,DOT&PF Controlled,122,SubStandard,Northern,62.5634731,-144.6688361,CZO,f19df371-6aca-4f25-9fc2-024a9eb991ce,,122
442810.151184082,1381829.22619629,Gulkana Apt,DOT&PF Controlled,123,Standard,Northern,62.1549444,-145.4543333,GKN,982ccba0-8f66-4b29-afa6-8b8bf1e1b163,PAGK,123
383043.050415039,1390235.64178467,Lake Louise Apt,DOT&PF Controlled,124,SubStandard,Northern,62.29368944,-146.57942194,Z55,eb1c1750-1e2f-428e-a9f8-26e140538050,,124
392053.825012207,1365497.0736084,Tazlina Apt,DOT&PF Controlled,125,SubStandard,Northern,62.0647886,-146.4605219,Z14,c4113f67-7e57-440c-80d6-c73983d88238,,125
340587.978027344,1331612.24499512,Sheep Mountain Apt,DOT&PF Controlled,126,SubStandard,Central,61.8119894,-147.5069219,SMU,117f0835-e8cb-41dd-9d42-054443f73593,PASP,126
454191.186035156,1359210.46618652,Copper Center No 2 Apt,DOT&PF Controlled,127,SubStandard,Northern,61.94119,-145.2940808,Z93,b42fc092-587f-4286-a673-c6adb7056aee,,127
415348.576782227,1263425.79400635,Valdez Apt,DOT&PF Controlled,128,Standard,Northern,61.1342153,-146.2447619,VDZ,01deef92-5ab9-4a5a-823e-2894f918c47f,PAVD,128
420181.526794434,1258265.23120117,Robe Lake SPB,Other Government,129,Sea Plane Base,Northern,61.08333333,-146.16666667,L93,fe183747-4343-4ea0-b839-4e4cd795344d,,129
394756.367614746,1231606.49102783,Tatitlek Apt,DOT&PF Controlled,130,Standard,Northern,60.8723889,-146.6911667,7KA,cf9995f3-b314-4e4c-a9a5-d7bf02263f78,PAKA,130
133890.846191406,1116984.37744141,Ninilchik Apt,DOT&PF Controlled,131,SubStandard,Central,60.0202342,-151.5894186,NIN,033ac52d-f105-450c-aca0-7d35c2df116d,,131
141746.791809082,1075347.47283936,Homer Apt,DOT&PF Controlled,132,Standard,Central,59.6455556,-151.4765833,HOM,c773c42c-253f-4fa1-bb2d-04fb66aaa951,PAHO,132
140316.417785645,1075193.96099854,Homer-Beluga Lake SPB,DOT&PF Controlled,133,Sea Plane Base,Central,59.64466722,-151.50212583,5BL,d33230da-796e-4950-b153-98d7d743b421,,133
129759.768188477,1052185.41821289,Seldovia Apt,DOT&PF Controlled,134,SubStandard,Central,59.4424392,-151.7040503,SOV,8ababa99-289c-417b-93c2-656a30e50ac6,PASO,134
117583.228820801,1041683.62683105,Nanwalek Apt,DOT&PF Controlled,135,SubStandard,Central,59.3521483,-151.9251558,KEB,cf57f954-bce8-4718-8aaa-f0eb65197d64,,135
122900.930236816,1041418.5369873,Port Graham Apt,DOT&PF Controlled,136,SubStandard,Central,59.3482594,-151.8315389,PGM,3a27fbff-c298-4d4b-ace4-871179a881e5,,136
83279.4252319336,1547813.76184082,Lake Minchumina Apt,DOT&PF Controlled,137,Standard,Northern,63.8859972,-152.3018736,MHM,0954711b-e7c4-41a2-a89f-6251eba0a620,,137
149127.935791016,1511672.84820557,Kantishna Apt,DOT&PF Controlled,138,SubStandard,Northern,63.5417147,-150.9939547,5Z5,bf55ef3a-fcbd-4afc-92ff-1036e4137b10,,138
243319.684387207,1493740.57958984,Summit Apt,DOT&PF Controlled,139,Standard,Northern,63.3314794,-149.1272833,UMM,cbbf178c-d427-413e-ac10-84e987d0bfc6,PAST,139
246684.753234863,1554041.39379883,Healy River Apt,DOT&PF Controlled,140,SubStandard,Northern,63.8675833,-148.9688333,HRR,f3678ee3-fbb3-4756-a383-f929ac515d4b,PAHV,140
235906.526184082,1601688.375,Clear Apt,DOT&PF Controlled,141,Standard,Northern,64.3003889,-149.1165278,Z84,efbf9bf2-a88a-45b4-aaff-9abaf9d9fff2,PACL,141
88625.1744384766,1691757.08880615,Tanana Ralph M Calhoun Apt,DOT&PF Controlled,142,Standard,Northern,65.1743953,-152.1093886,TAL,a9ae5ab9-610a-4a7c-9ae2-1d1a6eb89850,PATA,142
158261.311401367,1674782.52581787,Manley Hot Springs Apt,DOT&PF Controlled,143,SubStandard,Northern,64.9975647,-150.6441297,MLY,f0d172ad-eb49-4072-8443-6bd395e9b5f5,PAML,143
217161.16418457,1695147.62860107,Minto Al Wright Apt,DOT&PF Controlled,144,Standard,Northern,65.1481694,-149.3685903,51Z,e6872afd-02bb-4006-b033-7d1c282899f8,,144
291316.664428711,1663921.78759766,Fairbanks International Airport,DOT&PF Controlled,145,Standard,Northern,64.8151101,-147.8564476,FAI,b15ea505-773e-43f9-b0ac-a5acc76a75e1,PAFA,145
607206.593811035,1705238.58099365,Eagle Apt,DOT&PF Controlled,146,Standard,Northern,64.7780833,-141.1496111,EAA,a6de8932-d36f-4bf5-ab5d-7be9b88ca32c,PAEG,146
583938.690429688,1620555.31719971,Chicken Apt,DOT&PF Controlled,147,SubStandard,Northern,64.0713383,-141.9522792,CKX,851b9430-862d-4da1-8e45-b3d850cd872b,,147
607517.425842285,1498798.29364014,Northway Apt,DOT&PF Controlled,148,Standard,Northern,62.9611734,-141.928078,ORT,658840ec-18c0-487d-aa46-695c3fd65464,PAOR,148
549588.544799805,1530403.48699951,Tok Junction Apt,DOT&PF Controlled,149,SubStandard,Northern,63.3295144,-142.9536819,6K8,38600035-d53a-4aae-a48e-a082f3daf7e5,PFTO,149
623954.762207031,1628948.35003662,Boundary Apt,DOT&PF Controlled,150,SubStandard,Northern,64.0783028,-141.113375,BYA,78e4b0a0-7d6a-4043-9495-a9e01a25e567,,150
619338.487426758,1399814.81799316,Chisana Apt,DOT&PF Controlled,151,SubStandard,Northern,62.0711897,-142.0483742,CZN,50eace54-b1af-4057-b7c3-94526667e2d2,,151
504879.096008301,1325775.76202393,Chitina Apt,DOT&PF Controlled,152,SubStandard,Northern,61.5828592,-144.4270969,CXC,96afc8bd-c61f-4af4-980c-7ebc2de6c12e,,152
587236.545593262,1322191.8538208,McCarthy No 2 Apt,DOT&PF Controlled,153,Standard,Northern,61.4370608,-142.9037372,15Z,3e86bfc1-5b7b-4a9c-bb53-b3dd8994c2b2,PAMX,153
600530.765991211,1312953.68981934,May Creek Apt,DOT&PF Controlled,154,Standard,Northern,61.3356742,-142.686775,MYK,f44a1dd2-eb92-4f66-9bd8-64ce5f4d9831,,154
-12025.7650756836,1786817.85302734,Hughes Apt,DOT&PF Controlled,155,Standard,Northern,66.0390833,-154.2646944,HUS,ea3fea3e-a6a9-4a66-ad05-b090654cbb2e,PAHU,155
61411.3856201172,1844450.03039551,Allakaket Apt,DOT&PF Controlled,156,Standard,Northern,66.5518333,-152.6221667,6A8,bcf003b0-96f7-4ae2-afab-bc9350ef4a63,PFAL,156
148072.922607422,1876687.33581543,Prospect Creek Apt,DOT&PF Controlled,158,Standard,Northern,66.8140556,-150.6436111,PPC,ccf4c5fa-f981-4b9d-8196-caa60790525d,PAPR,158
164674.524597168,1926279.73681641,Coldfoot Apt,DOT&PF Controlled,159,Standard,Northern,67.2521789,-150.2038783,CXF,a4aad3a2-7f08-4d75-ad1d-eed1535d5501,PACX,159
167204.157409668,1943353.95361328,Wiseman Apt,DOT&PF Controlled,160,SubStandard,Northern,67.4045733,-150.1227417,WSM,7df5b761-63ed-4e31-a243-71b0955e45c2,,160
236849.594604492,1959393.74359131,Chandalar Lake Apt,DOT&PF Controlled,161,SubStandard,Northern,67.5045167,-148.4832222,WCR,f5e7b0a7-bc66-4055-8f32-4d1c69c61a07,PALR,161
224668.334411621,1792712.83978271,Stevens Village Apt,DOT&PF Controlled,162,Standard,Northern,66.0170611,-149.0543694,SVS,56e8b36d-ccca-44d8-bf20-2396a412a694,,162
178668.486816406,1732849.24023438,Rampart Apt,DOT&PF Controlled,163,Standard,Northern,65.5079,-150.1408333,RMP,b5dd4599-fe96-483b-b9bc-1c8b14f58113,PFMP,163
246991.276611328,1733644.62701416,Livengood Camp Apt,DOT&PF Controlled,164,SubStandard,Northern,65.4726178,-148.6691711,4AK,e293fe2d-d04a-49f5-8da9-b6d0698e0fe8,,164
295504.775634766,1837416.70001221,Beaver Apt,DOT&PF Controlled,165,Standard,Northern,66.3622181,-147.4065381,WBQ,077bff7f-2289-47e4-8241-3016888c1c69,PAWB,165
367551.188415527,1835810.31658936,Birch Creek Apt,DOT&PF Controlled,166,Standard,Northern,66.2759278,-145.81805,Z91,96822d71-fcda-4b19-81ca-9a7b3a05de64,,166
388591.238830566,1871632.77563477,Fort Yukon Apt,DOT&PF Controlled,167,Standard,Northern,66.5714903,-145.2504169,FYU,d72160d0-8b85-423d-8878-30d01f5f2ca4,PFYU,167
453923.636413574,1889302.14282227,Chalkyitsik Apt,DOT&PF Controlled,168,Standard,Northern,66.6450222,-143.7399303,CIK,e437b22d-0bf5-4a38-9e13-a74cb1b7b5a1,PACI,168
452688.489196777,1797177.94958496,Circle City Apt,DOT&PF Controlled,169,SubStandard,Northern,65.8279167,-144.0761972,CRC,fae5ac22-2ee9-461a-9eb5-5574560095e5,PACR,169
424670.823608398,1764536.42999268,Central Apt,DOT&PF Controlled,170,SubStandard,Northern,65.5739444,-144.7808889,CEM,1223096d-55f4-4f54-8d3e-38220fbc8908,PACE,170
433843.395629883,1755877.87298584,Circle Hot Springs Apt,DOT&PF Controlled,171,Standard,Northern,65.4854722,-144.6107836,CHP,baadbd98-6481-4e7e-91a3-4ff623708cbc,,171
-541984.995666504,1859676.17138672,Shishmaref Apt,DOT&PF Controlled,172,Standard,Northern,66.2495667,-166.0893458,SHH,7c3ba67e-60cb-4663-b500-40bfc1d445e0,PASH,172
-577738.359069824,1762367.38903809,Brevig Mission Apt,DOT&PF Controlled,173,Standard,Northern,65.3313333,-166.4657222,KTS,21d6a372-54e0-4d8b-a903-be62207d8131,PFKT,173
-573821.33996582,1751312.23480225,Teller Apt,DOT&PF Controlled,174,Standard,Northern,65.2403794,-166.3393397,TER,34046332-fdf2-452e-89e3-0812214d741d,PATE,174
-493307.204406738,1755958.18182373,Quartz Creek-Kougarok Apt,DOT&PF Controlled,175,SubStandard,Northern,65.4059331,-164.6557247,5QC,f5f3162a-c913-4da9-bac8-d915ce953f40,,175
-518819.130187988,1704051.11444092,Salmon Lake Apt,DOT&PF Controlled,176,SubStandard,Northern,64.9092478,-165.0126275,Z81,7495df5b-bd8c-485b-aa44-81f712696a0a,,176
-536554.079101563,1681102.62683105,Engstrom Field,Other Government,177,SubStandard,Northern,64.6797947,-165.2998369,Z47,d33d1356-69c5-4cad-8085-d69ac7384423,,177
-546596.852111816,1663864.77703857,Nome Apt,DOT&PF Controlled,178,Standard,Northern,64.5122022,-165.4452458,OME,a5452ce0-2e83-4014-8945-c8998a12ce71,PAOM,178
-457795.987182617,1693172.66363525,Council No 1 Apt,DOT&PF Controlled,179,Standard,Northern,64.8978828,-163.7034472,K29,fff3b859-5ebd-4def-a0a5-c37d3cc35e20,,179
-447462.497497559,1668157.04840088,White Mountain Apt,DOT&PF Controlled,180,Standard,Northern,64.6891944,-163.41275,WMO,e7790e4b-94a3-44ac-9344-6e1815a06443,PAWM,180
-430395.898376465,1650147.37658691,New Golovin Apt,DOT&PF Controlled,181,Standard,Northern,64.5504553,-163.0071703,GLV,1bd46c06-21ca-48d6-8d1f-9dc13c71e106,PAGL,181
-394492.661193848,1652709.56359863,Elim Apt,DOT&PF Controlled,182,Standard,Northern,64.6149722,-162.2705278,ELI,cf19bc70-3db7-49de-aee3-4a1db2e9d939,PFEL,182
-337579.268066406,1682508.56762695,Koyuk Apt,DOT&PF Controlled,183,Standard,Northern,64.9394894,-161.1542656,KKA,b8c0a61f-7e20-4625-99c3-09a4401985ec,PAKK,183
-396678.30456543,1816404.1696167,Deering Apt,DOT&PF Controlled,184,Standard,Northern,66.0695611,-162.7663675,DEE,25640aed-c701-4a6b-a550-5cb10396e692,PADE,184
-324862.721862793,1797895.97821045,Buckland Apt,DOT&PF Controlled,185,Standard,Northern,65.9815653,-161.1490708,BVK,1452c1a4-4a84-4dc0-9204-926e8ddd4f43,PABL,185
-265965.627075195,1861175.09899902,Selawik Apt,DOT&PF Controlled,186,Standard,Northern,66.6001389,-159.98575,WLK,eaa132a3-921c-49bf-bad9-5d7598002d28,PASK,186
-108152.273864746,1750727.43743896,Huslia Apt,DOT&PF Controlled,187,Standard,Northern,65.6978611,-156.3513889,HLA,91189289-6073-427a-ae8f-a88a4fcef224,PAHL,187
-70010.3518676758,1641409.97119141,Ruby Apt,DOT&PF Controlled,188,Standard,Northern,64.7272222,-155.4698889,RBY,32845aed-ea37-4f93-a18a-313d28939218,PARY,188
-139828.615112305,1644725.67919922,Galena Apt,DOT&PF Controlled,189,Standard,Northern,64.7361667,-156.9373889,GAL,5491bd11-c7fa-4271-b839-158594b8d6d3,PAGA,189
-176670.633300781,1662169.68939209,Koyukuk Apt,DOT&PF Controlled,190,Standard,Northern,64.8758056,-157.7304444,KYU,682a7664-b51c-4317-8c25-b9cc05d945b9,PFKU,190
-193933.773681641,1646818.77203369,Nulato Apt,DOT&PF Controlled,191,Standard,Northern,64.7293108,-158.0742219,NUL,c2f9da2d-0d7b-4ee3-9af7-2a8547b237d2,PANU,191
-862961.823791504,1649335.809021,Gambell Apt,DOT&PF Controlled,192,Standard,Northern,63.7667656,-171.7328236,GAM,118ef909-cec9-4969-9bb5-7cd95c253df2,PAGM,192
-806137.80670166,1625063.16662598,Savoonga Apt,DOT&PF Controlled,193,Standard,Northern,63.6862667,-170.4931639,SVA,ed610728-9b3c-46ef-8bc7-a3163000537e,PASA,193
-680598.650390625,1832529.39178467,Little Diomede Heliport,DOT&PF Controlled,194,Standard,Northern,65.75866667,-168.953,DM2,05f08f01-75d5-40e5-948c-a04deced9e9f,PPDM,194
-645341.669067383,1809171.16619873,Wales Apt,DOT&PF Controlled,195,Standard,Northern,65.6225847,-168.0949389,IWK,60f0d782-e72f-4908-85fe-951975e1c1af,PAIW,195
-377150.819702148,1905597.60083008,Kotzebue Ralph Wien Memorial Apt,DOT&PF Controlled,196,Standard,Northern,66.88806045,-162.59327529,OTZ,f63b4668-29b4-40b6-8897-e98fec6349f3,PAOT,196
-309312.75189209,1889698.8684082,Noorvik Robert (Bob) Curtis Memorial Apt,DOT&PF Controlled,197,Standard,Northern,66.8175278,-161.02225,D76,a881e478-608f-4586-bbcc-7b72e0233ec7,PFNO,197
-281895.763793945,1904592.13800049,Kiana Bob Baker Memorial Apt,DOT&PF Controlled,198,Standard,Northern,66.9759539,-160.4365344,IAN,2e2fb530-0e19-4f3f-9f91-d7fefaed2d21,PAIK,198
-528843.718505859,2094117.45782471,Point Hope Apt,DOT&PF Controlled,199,Standard,Northern,68.3488347,-166.79935,PHO,a2e99bef-2721-4ed5-92d0-aa136d3e0abb,PAPO,199
-448063.25,2010924.31140137,Kivalina Apt,DOT&PF Controlled,200,SubStandard,Northern,67.7361514,-164.5634961,KVL,9405444e-dcf3-426f-8c57-7fbc14296799,PAVL,200
-383973.409606934,1981819.02563477,Noatak Apt,DOT&PF Controlled,201,Standard,Northern,67.5610722,-162.9803528,WTK,65c81404-479d-4f54-82e6-8bb2e1bccc37,PAWN,201
-168272.364868164,1910277.59399414,Ambler Apt,DOT&PF Controlled,202,SubStandard,Northern,67.1063139,-157.8574722,AFM,e5ad1d08-5191-4caf-9aca-6836614a4a57,PAFM,202
-127530.76159668,1890089.43579102,Dahl Creek Apt,DOT&PF Controlled,203,Standard,Northern,66.9433381,-156.9046739,DCK,55549f0f-3513-4f66-af21-0292052e2186,,203
-127358.643676758,1886637.31201172,Kobuk Apt,DOT&PF Controlled,204,SubStandard,Northern,66.9123417,-156.8973306,OBU,750bfc02-834f-4515-b668-de7209f58e5a,PAOB,204
-139130.229064941,1884477.75878906,Shungnak Apt,DOT&PF Controlled,205,Standard,Northern,66.8880767,-157.1624014,SHG,39715bc9-0d1a-47c2-9359-6284c5cefba0,PAGH,205
74362.1343994141,2156780.05999756,Umiat Apt,DOT&PF Controlled,206,Standard,Northern,69.3711127,-152.1349827,UMT,9d1b6c74-ff98-4e37-a24f-8ab0a05c268c,PAUM,206
186381.348999023,2063783.21179199,Galbraith Lake Apt,DOT&PF Controlled,207,Standard,Northern,68.4796667,-149.4899167,GBH,d207eccf-292a-4c78-86cd-f0686af6c7ba,PAGB,207
185720.384399414,2017845.58862305,Chandalar Shelf Apt,DOT&PF Controlled,208,SubStandard,Northern,68.0654394,-149.5797392,5CD,7ae6a563-1f14-4e13-9a8f-97d623b5ee5d,,208
-101639.616271973,2367376.00219727,Barrow Wiley Post-Will Rogers Apt,DOT&PF Controlled,209,Standard,Northern,71.2848889,-156.7685833,BRW,a59d98e4-1425-448a-a3ca-5ad57877657b,PABR,209
212929.661010742,2255060.66760254,Deadhorse Apt,DOT&PF Controlled,210,Standard,Northern,70.19475,-148.4651667,SCC,ddb3d69b-beab-41d6-88ce-425b932d5531,PASC,210
802856.231811523,1143764.28918457,Yakutat Apt,DOT&PF Controlled,211,Standard,Southcoast,59.5033056,-139.66025,YAK,658bb33a-b06a-4aa0-a31c-cfbc2ba0400e,PAYA,211
1041704.3168335,1199440.89678955,Skagway Apt,DOT&PF Controlled,212,Standard,Southcoast,59.46027003,-135.31664206,SGY,35103cd5-f08e-435d-bff6-be553da5d609,PAGY,212
1102649.29901123,1076827.04821777,Funter Bay SPB,DOT&PF Controlled,215,Sea Plane Base,Southcoast,58.25438583,-134.89790667,FNR,4e289df4-92e3-41b3-b590-882bc47a5065,PANR,214
1066562.9274292,1085647.13018799,Excursion Inlet SPB,DOT&PF Controlled,216,Sea Plane Base,Southcoast,58.42049861,-135.44903278,EXI,d127df28-03dc-4611-8013-d2614fcb2c82,,215
1051942.60919189,1082039.56658936,Gustavus Apt,DOT&PF Controlled,217,Standard,Southcoast,58.4252778,-135.7074167,GST,60d9b033-e7c1-41d3-844a-128271b6c68c,PAGS,216
1022780.8760376,1047267.8760376,Elfin Cove SPB,DOT&PF Controlled,218,Sea Plane Base,Southcoast,58.19518417,-136.34739278,ELV,ca9658ea-5610-489f-8a52-444b24e4e257,PAEL,217
1099446.10321045,1020621.63201904,Tenakee SPB,DOT&PF Controlled,219,Sea Plane Base,Southcoast,57.77965833,-135.21844389,TKE,e0ad91d0-823a-49e4-9814-5cff3a982258,,218
1076033.73638916,1052563.1907959,Hoonah SPB,DOT&PF Controlled,220,Sea Plane Base,Southcoast,58.1125138,-135.44934069,OOH,9ac19958-dcb3-4001-8d0c-1cd8e3289972,POOH,219
1113941.36383057,939671.620239258,Sitka Apt,DOT&PF Controlled,221,Standard,Southcoast,57.0471389,-135.3616111,SIT,f3555a2a-5c00-46e5-bdba-c4a98471db3f,PASI,220
1143332.3170166,953118.614440918,Baranof Warm Springs Bay SPB,Other Government,222,Sea Plane Base,Southcoast,57.08882583,-134.83314139,BNF,13c92f31-0947-4eab-9230-3d2b78934dcb,,221
1145531.72119141,1001300.25360107,Angoon SPB,DOT&PF Controlled,223,Sea Plane Base,Southcoast,57.49666242,-134.56857046,AGN,f1d63002-6d6e-44fd-8e49-370d7023a026,PAGN,222
1262316.18103027,956721.266418457,Petersburg James A Johnson Apt,DOT&PF Controlled,226,Standard,Southcoast,56.8016667,-132.9452778,PSG,2b3f6d7b-4274-4695-90e0-10b687de5051,PAPG,223
1181041.71801758,866340.871398926,Port Alexander SPB,Other Government,227,Sea Plane Base,Southcoast,56.24684222,-134.64815389,AHP,a6366636-59cb-497e-9b00-658223295c45,PAAP,224
1238169.73718262,896212.6484375,Point Baker SPB,DOT&PF Controlled,228,Sea Plane Base,Southcoast,56.35185972,-133.62258639,KPB,d3c6459d-c9d1-48c2-89de-b26bd6095ff1,PFKP,225
1239894.69580078,893292.948791504,Port Protection SPB,DOT&PF Controlled,229,Sea Plane Base,Southcoast,56.3222302,-133.61024318,19P,36c6e62c-d6d3-4461-a8fa-874cb0893aed,,226
1306932.93902588,934261.561828613,Wrangell Apt,DOT&PF Controlled,230,Standard,Southcoast,56.4843333,-132.3698333,WRG,d1416ea2-1f62-440f-9276-287096beb65f,PAWG,227
1275030.50939941,880497.749633789,Whale Pass SPB,Other Government,231,Sea Plane Base,Southcoast,56.11666667,-133.13333333,96Z,1bf15e49-5c54-45f7-83e5-050ab708d8d6,,228
1326252.85864258,846618.664611816,Thorne Bay SPB,Other Government,233,Sea Plane Base,Southcoast,55.684,-132.5248,KTB,10774633-1e2c-4c59-be74-f474b1139f11,,229
1340324.13220215,857909.406188965,Meyers Chuck SPB,Other Government,234,Sea Plane Base,Southcoast,55.73963611,-132.25501833,84K,6f869e81-bd13-4523-a8df-777b1e9256ec,,230
1383994.04779053,831107.500793457,Ketchikan Peninsula Point SPB,DOT&PF Controlled,237,Sea Plane Base,Southcoast,55.38465056,-131.73835222,9C0,7b60ee18-e7c9-4825-93e2-3ebc380245dc,,231
1386738.75201416,828457.681396484,Ketchikan International Airport,DOT&PF Controlled,238,Standard,Southcoast,55.354075,-131.7112194,KTN,142bc317-32ef-460a-b468-dab2c7cb3f4a,PAKT,232
1296979.29278564,824648.62121582,Klawock Apt,DOT&PF Controlled,240,Standard,Southcoast,55.5792333,-133.0759972,AKW,dcfd6872-7025-42ba-b269-7240d5f11555,PAKW,233
1296130.71038818,812609.93359375,Craig SPB,Other Government,241,Sea Plane Base,Southcoast,55.47883139,-133.14780111,CGA,4db21f4b-9b4e-4264-a63f-604036c40143,,234
1339054.89880371,833691.661804199,Kasaan SPB,DOT&PF Controlled,243,Sea Plane Base,Southcoast,55.53741389,-132.39751444,KXA,a9ed1c40-1787-40a1-b532-a014fe515d66,,235
1325142.47198486,789723.680236816,Hydaburg SPB,DOT&PF Controlled,244,Sea Plane Base,Southcoast,55.20249884,-132.82535857,HYG,e9662a2d-132c-4a13-875b-c70a30780943,PAHY,236
235966.759033203,1296035.62860107,Wasilla Apt,Other Government,247,Other,Central,61.5719861,-149.5395526,IYS,8833bcf6-d0f6-42c1-963e-f8463a2b887f,PAWS,239
259586.228027344,1300275.50720215,Palmer Municipal Apt,Other Government,248,Other,Central,61.5949136,-149.0887114,PAQ,bcb67282-b442-4449-be62-ed93a4c3be43,PAAQ,240
222365.942199707,1254978.81500244,Merrill Field,Other Government,249,Other,Central,61.213545,-149.8444464,MRI,d381f71b-07aa-4175-93a4-e082f7324275,PAMR,241
154108.072814941,1235749.3458252,Tyonek Apt,Other Government,250,Other,Central,61.0741,-151.1336,TYE,caf27e62-4a1e-4eee-9507-adac2272fc74,,242
444392.338989258,1271807.24743652,Thompson Pass Apt,Other Government,252,Other,Northern,61.1772703,-145.6884339,K55,6d28bb55-e16e-4f7b-8b8d-da1768c364d6,,244
150457.391601563,1179532.16778564,Kenai Municipal Apt,Other Government,253,Other,Central,60.5733068,-151.2447778,ENA,e264f4a2-8b87-4565-9768-588c0eec93c3,PAEN,245
162219.268981934,1169028.70141602,Soldotna Municipal Apt,Other Government,254,Other,Central,60.4749583,-151.0382389,SXQ,e09525e8-52ee-4722-82fd-deabc9dfe979,PASX,246
129190.46661377,1051433.24279785,Seldovia SPB,Other Government,255,Other Sea Plane Base,Central,59.4358917,-151.71457329,A27,9606242d-71c7-42a3-8c4c-89c78b86d8f0,,247
-197862.077209473,914476.324035645,Egegik Apt,Other Government,256,Other,Southcoast,58.1854903,-157.3754278,EII,68c34a1e-f008-4865-829a-fff2f9df87f4,PAII,248
96392.4736328125,868224.364990234,Kodiak Municipal Apt,Other Government,257,Other,Southcoast,57.8059175,-152.3738414,KDK,b93cc69c-059d-4f46-9f8f-02344f1f49ba,PAKD,249
-226203.854370117,2304909.20922852,Wainwright Apt,Other Government,259,Other,Northern,70.638,-159.99475,AWI,823094e4-29a5-47ce-8682-ab328de06110,PAWI,251
-352632.811279297,2219453.74920654,Point Lay Apt,Other Government,260,Other,Northern,69.732875,-163.0053417,PIZ,3da666bd-07de-41ff-a2c9-38cb85bc0950,PPIZ,252
-130726.662963867,2279405.31341553,Atqasuk Apt,Other Government,261,Other,Northern,70.4672761,-157.4357361,ATK,6189eb78-b9c8-4a8c-b83e-d77296d6bc8e,PATQ,253
94610.7490234375,2020809.30401611,Anaktuvuk Pass Apt,Other Government,262,Other,Northern,68.1335972,-151.7433417,AKP,ca388d23-c75d-432e-963e-3e03c08ed03b,PAKP,254
115217.872009277,2250446.36663818,Nuiqsut Apt,Other Government,263,Other,Northern,70.2099528,-151.0055611,AQT,34d3a64a-127e-4e11-a00d-32f6b0023f94,PAQT,255
400655.266784668,2271013.95001221,Kaktovik / Barter Island LRRS Apt,Other Government,264,Other,Northern,70.1339886,-143.5818669,BTI,aca4506f-9281-4dea-86e1-700353dd7b91,PABA,256
352421.621398926,2039480.86083984,Arctic Village Apt,Other Government,265,Other,Northern,68.1146694,-145.5794153,ARC,568983e4-bafb-4091-b127-2b7e3d7f3310,PARC,257
333695.04699707,1913752.45361328,Venetie Apt,Other Government,266,Other,Northern,67.008675,-146.3663583,VEE,a1067554-4e90-4060-a35d-cae4a5330da6,PAVE,258
235916.270812988,1629320.52819824,Nenana Municipal Apt,Other Government,267,Other,Northern,64.5473292,-149.0739752,ENN,3ef08f7f-0016-4ee6-940f-1fe4170ddbda,PANN,259
294189.877990723,1595045.80303955,Gold King Creek Apt,DOT&PF Controlled,268,Other,Northern,64.1980556,-147.9286111,AK7,ef51c7ee-fa03-4ee8-878e-b4c875d1162c,PAAN,260
402906.393981934,1590267.10778809,Delta Junction Apt,Other Government,269,Other,Northern,64.0504375,-145.7173264,D66,4522279d-0c41-4780-9eb5-1eb03dd7c866,,261
574962.478210449,1511529.43218994,Tetlin Apt,DOT&PF Controlled,270,Standard,Northern,63.1246944,-142.5185556,3T4,03c77145-21fd-4d1d-a02b-946ed4d4b6b5,,262
529953.535583496,1532244.0458374,Tanacross Apt,Other Government,271,Other,Northern,63.3743672,-143.3355739,TSG,9d3d0d77-7e4b-4dbc-b3c1-65ee024306b1,,263
1383827.49822998,831639.171813965,Murphys Pullout SPB,Other Government,272,Other Sea Plane Base,Southcoast,55.38965,-131.738074,8K9,88f0fa5f-23e8-41db-aca4-24a689cf8f9c,,264
1306836.32421875,932099.245788574,Wrangell SPB,Other Government,273,Other Sea Plane Base,Southcoast,56.46624342,-132.38256482,68A,d8fb8260-d865-44f6-b783-39fea9245b9b,,265
1036152.3168335,1023124.03662109,Pelican SPB,Other Government,274,Other Sea Plane Base,Southcoast,57.955172,-136.236273,PEC,db61fed4-b5c7-46f8-bbe6-ce8f0de42090,,266
1117446.55523682,1092972.95562744,Juneau International Airport,Other Government,275,Other,Southcoast,58.3549722,-134.5762778,JNU,127c0c7d-8d16-496c-8fb6-4c0ecf2dae37,PAJN,267
1114682.88720703,940466.172790527,Sitka SPB,Other Government,276,Other Sea Plane Base,Southcoast,57.052138,-135.346209,A29,a93b1d97-0809-44ba-819c-b8733ed3e95f,,268
634861.710998535,1176599.90002441,Yakataga Airstrip,Other Government,277,Other,Northern,60.0820125,-142.4934853,CYT,2595e83e-5378-4120-97e7-3210c9993f04,,269
810009.945800781,1150876.89202881,Situk Airstrip,Other Government,278,Other,Southcoast,59.5516442,-139.5091878,A68,a658dd7c-08e2-4524-9f79-f48e52593833,,270
840049.899414063,1141925.68438721,Harlequin Lake Airstrip,Other Government,280,Other,Southcoast,59.4144389,-139.0250494,A67,a91f1b4e-dc8c-4a4e-87ba-31612f1f068a,,272
873075.976013184,1130533.28643799,Tanis Mesa Airstrip,Other Government,281,Other,Southcoast,59.2480419,-138.5036706,A69,42f06680-5c69-4fd2-a51d-7751cb74c2d3,,273
877255.577392578,1125917.07122803,Alsek River Airstrip,Other Government,282,Other,Southcoast,59.1992167,-138.451,A57,e84b00dd-32a1-47c3-8d62-9982f12687b6,,274
881608.320983887,1118551.83898926,East Alsek River Airstrip,Other Government,283,Other,Southcoast,59.1260944,-138.4067444,AK76,b3b83bfb-6156-4001-b31f-570f18235936,,275
796989.890625,1149254.11218262,Yakutat SPB,Other Government,284,Sea Plane Base,Southcoast,59.5624775,-139.74109944,2Y3,4c995dc5-9add-42ab-9d0d-5175d2c667c9,,276
1037115.85162354,1172943.71899414,Haines Apt,DOT&PF Controlled,286,Standard,Southcoast,59.2438292,-135.5235375,HNS,2c6a92bc-fc08-4adb-a8fc-005d4a89ac23,PAHN,277
1078779.84643555,1051442.8604126,Hoonah Apt,DOT&PF Controlled,287,Standard,Southcoast,58.0960914,-135.4096975,HNH,ca725d4f-5301-4250-a6cc-ee91b3cf2b93,PAOH,278
1200972.56201172,955797.893981934,Kake Apt,DOT&PF Controlled,288,Standard,Southcoast,56.9613625,-133.9102611,AFE,797e819f-8bfd-47d0-a215-54894f3a6c52,PAFE,279
1260610.70379639,957068.814025879,Petersburg Lloyd R Roundtree SPB,DOT&PF Controlled,292,Sea Plane Base,Southcoast,56.80938846,-132.97008422,63A,170bd001-694e-4a9d-bb8f-5f25f0fb61e9,,282
-153128.912780762,967404.960021973,King Salmon SPB,DOT&PF Controlled,294,Sea Plane Base,Southcoast,58.67680167,-156.6492175,AKN,5ed2c850-bca5-4258-abe4-06e941123234,PAKH,283
216084.887023926,1251575.87841797,Lake Hood Strip,DOT&PF Controlled,296,SubStandard,Central,61.1866382,-149.9653918,Z41,cdf5d94d-61ce-45de-a9c7-bca619cb9e85,PALH,285
108618.662414551,1886057.57324219,Bettles Apt,DOT&PF Controlled,298,Standard,Northern,66.9139444,-151.5290556,BTT,ae0f435f-2ea0-4fb8-b220-ff3cef79f371,PABT,287
-544010.170166016,1663327.30639648,Nome City Field Apt,DOT&PF Controlled,289,SubStandard,Northern,64.5114223,-165.3902302,94Z,218fe29c-1832-4821-83d3-ec04bea253ac,,288
1327240.52203369,824222.215209961,Clark Bay SPB,DOT&PF Controlled,299,Sea Plane Base,Southcoast,55.490546,-132.622633,HYL,9dc872b1-0901-40b1-9d14-e3b8c3a144c0,,289
1198537.65423584,956398.747436523,Kake SPB,Other Government,225,Sea Plane Base,Southcoast,56.97299639,-133.94561472,KAE,1bfd0264-a922-4862-a545-621489a966f9,,290
1382099.78259277,856011.292419434,Loring SPB,Other Government,236,Sea Plane Base,Southcoast,55.60130583,-131.63668306,13Z,9f5f75d0-331e-4668-9f48-31105b15d5da,,292
-766801.313598633,525938.104431152,Akutan SPB,Other Government,3000,Sea Plane Base,Southcoast,54.1339,-165.778383,KQA,3387461d-734c-4e06-872b-af34a7243b5a,,293
-755365.034362793,525113.223815918,Akutan Apt,DOT&PF Controlled,0, ,Southcoast,54.144611,-165.604106,7AK,72820d18-89dc-4cb7-b080-9421847619f8,PAUT,294
1466379.87200928,922732.918212891,Hyder SPB,DOT&PF Controlled,235,Sea Plane Base,Southcoast,55.905349,-130.010407,4Z7,13784ded-a141-4b11-b30a-f75db6afbb08,,295
1296264.66540527,875508.836608887,Coffman Cove SPB,DOT&PF Controlled,232,Sea Plane Base,Southcoast,56.014867,-132.833891,KCC,65ea2afa-5d89-49ef-a830-55e5d9651ec7,,296
1403173.58001709,807860.681213379,Metlakatla SPB,DOT&PF Controlled,239,Sea Plane Base,Southcoast,55.130754,-131.574266,MTM,3f88ea1c-06b1-468c-8f78-e613d5171930,PAMM,297
96081.7476196289,867965.213012695,Kodiak Lilly Lake SPB,Other Government,0,Sea Plane Base,Southcoast,57.803666,-152.379188,9Z3,4f56b666-0d41-4ec9-a1c7-ef156d950e7e,,299
95069.0076293945,865081.796813965,Kodiak Trident Basin SPB,Other Government,0,Sea Plane Base,Southcoast,57.77807804,-152.39743885,T44,b0c70acc-6837-4626-b25d-4bbe348506d9,,300
1041807.02258301,1198186.94659424,Skagway SPB,Other Government,285,Sea Plane Base,Southcoast,59.44924116,-135.32105615,7K2,912ce045-19aa-4295-9dd5-3e2f51e7d554,,301
-466177.384399414,1363081.38800049,Pilot Station Apt,DOT&PF Controlled,91,SubStandard,Northern,61.9613,-162.942872,0AK,0e3eb738-6d9a-4865-9de5-c3842d9df464,,302
-566959.380493164,1247839.31860352,Mertavik Apt,DOT&PF Controlled,57,SubStandard,Central,60.810393,-164.499472,EWU,7f33df1d-ba9c-4ed1-9446-977d5852be11,PAEW,303
